Cntr,Nclicks,Class,wavIdx1,wavIdx2,boutConstancy,gapConstancy,peakConstancy,freqConstancy,widthConstancy,meanGap,meanPeak,meanFreq,meanWidth
1,5,Fast,95260,144757,11.7,3.5,6.0,34.1,3.3,0.280147,8158.6,15342.2,0.000358
2,19,Fast,181206,324420,2.9,1.3,2.9,5.0,2.4,0.179913,10801.6,14245.0,0.000476
3,15,Fast,366003,524303,5.2,1.1,2.1,11.0,6.7,0.256043,11198.4,12088.7,0.000331
4,9,Fast,653505,775245,6.5,8.5,3.3,7.8,6.5,0.344714,10216.9,14691.6,0.000315
5,11,Fast,817072,919345,2.9,1.3,3.2,3.9,3.1,0.231467,9772.1,10599.9,0.000404
6,30,Fast,963060,1226466,3.1,1.0,2.1,5.4,3.9,0.205627,11602.4,13634.1,0.000325
7,164,Fast,1274095,2222511,2.4,0.4,1.9,5.4,1.9,0.131477,15966.8,14190.6,0.000459
8,6,Fast,2451490,2510883,7.7,13.1,4.7,7.5,5.7,0.269007,10315.5,13766.3,0.000291
9,93,Fast,2528312,3107338,2.4,0.5,1.7,4.8,2.4,0.142240,13782.1,12711.8,0.000471
